{
  "0": {
    "title": "Number 0",
    "image": "/images/numbers/0.png",
    "action": "motion",
    "vimhelp": "motion.txt.html#0",
    "text": "Go to beginning of line, Add 'nnoremap 0 ^' to return to first non-blank character"
  },
  "1": {
    "title": "Number 1",
    "image": "/images/numbers/1.png",
    "action": "extra",
    "vimhelp": "pattern.txt.html#%2f%5c1",
    "text": ""
  },
  "2": {
    "title": "Number 2",
    "image": "/images/numbers/2.png",
    "action": "extra",
    "vimhelp": "pattern.txt.html#%2f%5c2",
    "text": ""
  },
  "3": {
    "title": "Number 3",
    "image": "/images/numbers/3.png",
    "action": "extra",
    "vimhelp": "pattern.txt.html#%2f%5c3",
    "text": ""
  },
  "4": {
    "title": "Number 4",
    "image": "/images/numbers/4.png",
    "action": "extra",
    "vimhelp": "usr_42.txt.html#42",
    "text": ""
  },
  "5": {
    "title": "Number 5",
    "image": "/images/numbers/5.png",
    "action": "extra",
    "vimhelp": "usr_08.txt.html#08.5",
    "text": ""
  },
  "6": {
    "title": "Number 6",
    "image": "/images/numbers/6.png",
    "action": "extra",
    "vimhelp": "usr_04.txt.html#04.6",
    "text": ""
  },
  "7": {
    "title": "Number 7",
    "image": "/images/numbers/7.png",
    "action": "extra",
    "vimhelp": "term.txt.html#t_%407",
    "text": ""
  },
  "8": {
    "title": "Number 8",
    "image": "/images/numbers/8.png",
    "action": "extra",
    "vimhelp": "cmdline.txt.html#%25%3a8",
    "text": ""
  },
  "9": {
    "title": "Number 9",
    "image": "/images/numbers/9.png",
    "action": "extra",
    "vimhelp": "pattern.txt.html#%2f%5c9",
    "text": ""
  }
}

